url_path,tier,clicks_3m,impressions_3m
/,A,235,27147
/ib-myp-tuition-hyderabad,A,9,759
/online-maths-tuition,A,9,579
/class-10-maths-tuition,A,9,557
/ib-tuition-hyderabad,A,8,260
/icse-tuition-hyderabad,A,7,598
/state-board-tuition-hyderabad,A,7,504
/cbse-icse-igcse-ib-tuition-hyderabad,A,6,184
/isc-tuition-hyderabad,A,5,671
/a-level-tuition-hyderabad,A,5,341
/igcse-tuition-jubilee-hills,A,4,775
/ib-dp-tuition-hyderabad,A,4,309
/home-tuition-hyderabad,A,3,236
/areas/banjara-hills,A,2,47
/a-level-maths-tuition-hyderabad,A,2,21
/topics/vectors-class-11-physics/,A,1,297
/class-10-maths-basic-vs-standard/,A,1,280
/ib-pyp-tuition-hyderabad,A,1,64
/best-cbse-tuition-centre,A,1,48
/hybrid-tuition-hyderabad,A,1,45
/areas/kokapet,A,1,44
/areas/madhapur,A,1,38
/areas/kondapur,A,1,35
/areas/gachibowli,A,1,25
/class-8-maths/,A,1,23
/class-10-maths-tuition-hyderabad,A,1,22
/areas/shaikpet,A,1,21
/areas/sr-nagar,A,1,21
/icse-maths-tuition-hyderabad,A,1,20
/class-8-maths-tuition-hyderabad,A,1,16
/class-12-maths-tuition-hyderabad,A,1,14
/class-12-physics-tuition-hyderabad,A,1,10
/terms/,A,1,5
/cbse-tuition-jubilee-hills,B,0,721
/how-we-teach,B,0,285
/areas/financial-district,B,0,52
/class-12-maths-physics-chemistry-tuition-hyderabad,B,0,52
/cbse-class-10-maths/,B,0,43
/areas/tolichowki,B,0,41
/cbse-class-10/,B,0,41
/contact/,B,0,41
/areas/ameerpet,B,0,40
/class-8-maths/class-8-maths-tuition-near-me,B,0,37
/electrochemistry-class-12-cbse/,B,0,37
/blog/why-your-child-forgets-maths-after-studying/,B,0,36
/igcse-maths-tuition-hyderabad,B,0,34
/maths-tuition-jubilee-hills,B,0,33
/areas/hitech-city,B,0,26
/diagnostic-assessment,B,0,24
/science-tuition-jubilee-hills,B,0,24
/areas/begumpet,B,0,23
/areas/narsingi,B,0,23
/class-9-maths-tuition-hyderabad,B,0,23
/areas/kphb,B,0,21
/class-10-tuition-jubilee-hills/,B,0,21
/online-tuition-class-10-cbse/,B,0,17
/areas/somajiguda,B,0,16
/cbse-class-10-online-tuition,B,0,16
/areas/miyapur,B,0,15
/about/,B,0,14
/areas/film-nagar,B,0,14
/areas/mehdipatnam,B,0,14
/areas/yousufguda,B,0,12
/ib-maths-tuition-hyderabad,B,0,12
/class-10-science-tuition-hyderabad,B,0,10
/privacy-policy/,B,0,10
/online-maths-tuition-class-10-icse/,B,0,9
/online-science-tuition-class-10-cbse/,B,0,8
/physics-tuition-hyderabad,B,0,8
/areas/punjagutta,B,0,7
/class-8-maths/privacy-policy,B,0,7
/class-8-science-tuition-hyderabad,B,0,7
/areas/neopolis,B,0,6
/cbse-class-10-science/,B,0,6
/class-8-maths/terms,B,0,6
/class-9-tuition/,B,0,6
/class-9-science-tuition-hyderabad,B,0,4
/class-11-tuition/,B,0,2
/online-maths-tuition-class-10-cbse/,B,0,2
/404/,C,0,0
/areas/kukatpally,C,0,0
/areas/manikonda,C,0,0
/areas/secunderabad,C,0,0
/class-10-online-vs-offline-tuition/,C,0,0
/class-8-maths/thank-you,C,0,0
/home-tutor-hyderabad/,C,0,0
/online-class-10-tuition,C,0,0
/thank-you/,C,0,0
/topics/vectors-lecture-1-introduction/,C,0,0
