url,first_status,first_location,final_status,final_url,num_redirects
/,200,"",200,"https://ankuramtuition.com/",0
/404,301,"https://ankuramtuition.com/404/",200,"https://ankuramtuition.com/404/",1
/404/,200,"",200,"https://ankuramtuition.com/404/",0
/a-level-maths-tuition-hyderabad,200,"",200,"https://ankuramtuition.com/a-level-maths-tuition-hyderabad",0
/a-level-maths-tuition-hyderabad.html,301,"https://ankuramtuition.com/a-level-maths-tuition-hyderabad",200,"https://ankuramtuition.com/a-level-maths-tuition-hyderabad",1
/a-level-maths-tuition-hyderabad/,301,"https://ankuramtuition.com/a-level-maths-tuition-hyderabad",200,"https://ankuramtuition.com/a-level-maths-tuition-hyderabad",1
/a-level-tuition-hyderabad,200,"",200,"https://ankuramtuition.com/a-level-tuition-hyderabad",0
/a-level-tuition-hyderabad.html,301,"https://ankuramtuition.com/a-level-tuition-hyderabad",200,"https://ankuramtuition.com/a-level-tuition-hyderabad",1
/a-level-tuition-hyderabad/,301,"https://ankuramtuition.com/a-level-tuition-hyderabad",200,"https://ankuramtuition.com/a-level-tuition-hyderabad",1
/about,301,"https://ankuramtuition.com/about/",200,"https://ankuramtuition.com/about/",1
/about.html,301,"https://ankuramtuition.com/about",200,"https://ankuramtuition.com/about/",2
/about/,200,"",200,"https://ankuramtuition.com/about/",0
/ankuram-tuition-centre-pictures,301,"https://ankuramtuition.com/",200,"https://ankuramtuition.com/",1
/areas/ameerpet,200,"",200,"https://ankuramtuition.com/areas/ameerpet",0
/areas/ameerpet.html,301,"https://ankuramtuition.com/areas/ameerpet",200,"https://ankuramtuition.com/areas/ameerpet",1
/areas/ameerpet/,301,"https://ankuramtuition.com/areas/ameerpet",200,"https://ankuramtuition.com/areas/ameerpet",1
/areas/banjara-hills,200,"",200,"https://ankuramtuition.com/areas/banjara-hills",0
/areas/banjara-hills.html,301,"https://ankuramtuition.com/areas/banjara-hills",200,"https://ankuramtuition.com/areas/banjara-hills",1
/areas/banjara-hills/,301,"https://ankuramtuition.com/areas/banjara-hills",200,"https://ankuramtuition.com/areas/banjara-hills",1
/areas/begumpet,200,"",200,"https://ankuramtuition.com/areas/begumpet",0
/areas/begumpet.html,301,"https://ankuramtuition.com/areas/begumpet",200,"https://ankuramtuition.com/areas/begumpet",1
/areas/begumpet/,301,"https://ankuramtuition.com/areas/begumpet",200,"https://ankuramtuition.com/areas/begumpet",1
/areas/film-nagar,200,"",200,"https://ankuramtuition.com/areas/film-nagar",0
/areas/film-nagar.html,301,"https://ankuramtuition.com/areas/film-nagar",200,"https://ankuramtuition.com/areas/film-nagar",1
/areas/film-nagar/,301,"https://ankuramtuition.com/areas/film-nagar",200,"https://ankuramtuition.com/areas/film-nagar",1
/areas/financial-district,200,"",200,"https://ankuramtuition.com/areas/financial-district",0
/areas/financial-district.html,301,"https://ankuramtuition.com/areas/financial-district",200,"https://ankuramtuition.com/areas/financial-district",1
/areas/financial-district/,301,"https://ankuramtuition.com/areas/financial-district",200,"https://ankuramtuition.com/areas/financial-district",1
/areas/gachibowli,200,"",200,"https://ankuramtuition.com/areas/gachibowli",0
/areas/gachibowli.html,301,"https://ankuramtuition.com/areas/gachibowli",200,"https://ankuramtuition.com/areas/gachibowli",1
/areas/gachibowli/,301,"https://ankuramtuition.com/areas/gachibowli",200,"https://ankuramtuition.com/areas/gachibowli",1
/areas/hitech-city,200,"",200,"https://ankuramtuition.com/areas/hitech-city",0
/areas/hitech-city.html,301,"https://ankuramtuition.com/areas/hitech-city",200,"https://ankuramtuition.com/areas/hitech-city",1
/areas/hitech-city/,301,"https://ankuramtuition.com/areas/hitech-city",200,"https://ankuramtuition.com/areas/hitech-city",1
/areas/kokapet,200,"",200,"https://ankuramtuition.com/areas/kokapet",0
/areas/kokapet.html,301,"https://ankuramtuition.com/areas/kokapet",200,"https://ankuramtuition.com/areas/kokapet",1
/areas/kokapet/,301,"https://ankuramtuition.com/areas/kokapet",200,"https://ankuramtuition.com/areas/kokapet",1
/areas/kondapur,200,"",200,"https://ankuramtuition.com/areas/kondapur",0
/areas/kondapur.html,301,"https://ankuramtuition.com/areas/kondapur",200,"https://ankuramtuition.com/areas/kondapur",1
/areas/kondapur/,301,"https://ankuramtuition.com/areas/kondapur",200,"https://ankuramtuition.com/areas/kondapur",1
/areas/kphb,200,"",200,"https://ankuramtuition.com/areas/kphb",0
/areas/kphb.html,301,"https://ankuramtuition.com/areas/kphb",200,"https://ankuramtuition.com/areas/kphb",1
/areas/kphb/,301,"https://ankuramtuition.com/areas/kphb",200,"https://ankuramtuition.com/areas/kphb",1
/areas/kukatpally,301,"https://ankuramtuition.com/",200,"https://ankuramtuition.com/",1
/areas/madhapur,200,"",200,"https://ankuramtuition.com/areas/madhapur",0
/areas/madhapur.html,301,"https://ankuramtuition.com/areas/madhapur",200,"https://ankuramtuition.com/areas/madhapur",1
/areas/madhapur/,301,"https://ankuramtuition.com/areas/madhapur",200,"https://ankuramtuition.com/areas/madhapur",1
/areas/manikonda,200,"",200,"https://ankuramtuition.com/areas/manikonda",0
/areas/manikonda.html,301,"https://ankuramtuition.com/areas/manikonda",200,"https://ankuramtuition.com/areas/manikonda",1
/areas/manikonda/,301,"https://ankuramtuition.com/areas/manikonda",200,"https://ankuramtuition.com/areas/manikonda",1
/areas/mehdipatnam,200,"",200,"https://ankuramtuition.com/areas/mehdipatnam",0
/areas/mehdipatnam.html,301,"https://ankuramtuition.com/areas/mehdipatnam",200,"https://ankuramtuition.com/areas/mehdipatnam",1
/areas/mehdipatnam/,301,"https://ankuramtuition.com/areas/mehdipatnam",200,"https://ankuramtuition.com/areas/mehdipatnam",1
/areas/miyapur,200,"",200,"https://ankuramtuition.com/areas/miyapur",0
/areas/miyapur.html,301,"https://ankuramtuition.com/areas/miyapur",200,"https://ankuramtuition.com/areas/miyapur",1
/areas/miyapur/,301,"https://ankuramtuition.com/areas/miyapur",200,"https://ankuramtuition.com/areas/miyapur",1
/areas/narsingi,200,"",200,"https://ankuramtuition.com/areas/narsingi",0
/areas/narsingi.html,301,"https://ankuramtuition.com/areas/narsingi",200,"https://ankuramtuition.com/areas/narsingi",1
/areas/narsingi/,301,"https://ankuramtuition.com/areas/narsingi",200,"https://ankuramtuition.com/areas/narsingi",1
/areas/neopolis,200,"",200,"https://ankuramtuition.com/areas/neopolis",0
/areas/neopolis.html,301,"https://ankuramtuition.com/areas/neopolis",200,"https://ankuramtuition.com/areas/neopolis",1
/areas/neopolis/,301,"https://ankuramtuition.com/areas/neopolis",200,"https://ankuramtuition.com/areas/neopolis",1
/areas/punjagutta,200,"",200,"https://ankuramtuition.com/areas/punjagutta",0
/areas/punjagutta.html,301,"https://ankuramtuition.com/areas/punjagutta",200,"https://ankuramtuition.com/areas/punjagutta",1
/areas/punjagutta/,301,"https://ankuramtuition.com/areas/punjagutta",200,"https://ankuramtuition.com/areas/punjagutta",1
/areas/secunderabad,200,"",200,"https://ankuramtuition.com/areas/secunderabad",0
/areas/secunderabad.html,301,"https://ankuramtuition.com/areas/secunderabad",200,"https://ankuramtuition.com/areas/secunderabad",1
/areas/secunderabad/,301,"https://ankuramtuition.com/areas/secunderabad",200,"https://ankuramtuition.com/areas/secunderabad",1
/areas/shaikpet,200,"",200,"https://ankuramtuition.com/areas/shaikpet",0
/areas/shaikpet.html,301,"https://ankuramtuition.com/areas/shaikpet",200,"https://ankuramtuition.com/areas/shaikpet",1
/areas/shaikpet/,301,"https://ankuramtuition.com/areas/shaikpet",200,"https://ankuramtuition.com/areas/shaikpet",1
/areas/somajiguda,200,"",200,"https://ankuramtuition.com/areas/somajiguda",0
/areas/somajiguda.html,301,"https://ankuramtuition.com/areas/somajiguda",200,"https://ankuramtuition.com/areas/somajiguda",1
/areas/somajiguda/,301,"https://ankuramtuition.com/areas/somajiguda",200,"https://ankuramtuition.com/areas/somajiguda",1
/areas/sr-nagar,200,"",200,"https://ankuramtuition.com/areas/sr-nagar",0
/areas/sr-nagar.html,301,"https://ankuramtuition.com/areas/sr-nagar",200,"https://ankuramtuition.com/areas/sr-nagar",1
/areas/sr-nagar/,301,"https://ankuramtuition.com/areas/sr-nagar",200,"https://ankuramtuition.com/areas/sr-nagar",1
/areas/tolichowki,200,"",200,"https://ankuramtuition.com/areas/tolichowki",0
/areas/tolichowki.html,301,"https://ankuramtuition.com/areas/tolichowki",200,"https://ankuramtuition.com/areas/tolichowki",1
/areas/tolichowki/,301,"https://ankuramtuition.com/areas/tolichowki",200,"https://ankuramtuition.com/areas/tolichowki",1
/areas/yousufguda,200,"",200,"https://ankuramtuition.com/areas/yousufguda",0
/areas/yousufguda.html,301,"https://ankuramtuition.com/areas/yousufguda",200,"https://ankuramtuition.com/areas/yousufguda",1
/areas/yousufguda/,301,"https://ankuramtuition.com/areas/yousufguda",200,"https://ankuramtuition.com/areas/yousufguda",1
/assets/Ankuram_public_html_SEO_complete_2026-07-29.zip,200,"",200,"https://ankuramtuition.com/assets/Ankuram_public_html_SEO_complete_2026-07-29.zip",0
/author/,301,"https://ankuramtuition.com/",200,"https://ankuramtuition.com/",1
/best-cbse-tuition-centre,200,"",200,"https://ankuramtuition.com/best-cbse-tuition-centre",0
/best-cbse-tuition-centre.html,301,"https://ankuramtuition.com/best-cbse-tuition-centre",200,"https://ankuramtuition.com/best-cbse-tuition-centre",1
/best-cbse-tuition-centre/,301,"https://ankuramtuition.com/best-cbse-tuition-centre",200,"https://ankuramtuition.com/best-cbse-tuition-centre",1
/best-icse-tuition-centre,301,"https://ankuramtuition.com/icse-tuition-hyderabad",200,"https://ankuramtuition.com/icse-tuition-hyderabad",1
/best-igcse-tuition-centre,301,"https://ankuramtuition.com/igcse-tuition-jubilee-hills",200,"https://ankuramtuition.com/igcse-tuition-jubilee-hills",1
/best-maths-tutor-in-texas,301,"https://ankuramtuition.com/",200,"https://ankuramtuition.com/",1
/best-tuition-centre-in-financial-district,301,"https://ankuramtuition.com/",200,"https://ankuramtuition.com/",1
/best-tuition-centre-in-gachibowli,301,"https://ankuramtuition.com/",200,"https://ankuramtuition.com/",1
/best-tuition-centre-in-hitec-city,301,"https://ankuramtuition.com/",200,"https://ankuramtuition.com/",1
/blog/Ankuram_public_html_clean.zip,200,"",200,"https://ankuramtuition.com/blog/Ankuram_public_html_clean.zip",0
/blog/why-your-child-forgets-maths-after-studying,301,"https://ankuramtuition.com/blog/why-your-child-forgets-maths-after-studying/",200,"https://ankuramtuition.com/blog/why-your-child-forgets-maths-after-studying/",1
/blog/why-your-child-forgets-maths-after-studying.html,301,"https://ankuramtuition.com/blog/why-your-child-forgets-maths-after-studying",200,"https://ankuramtuition.com/blog/why-your-child-forgets-maths-after-studying/",2
/blog/why-your-child-forgets-maths-after-studying/,200,"",200,"https://ankuramtuition.com/blog/why-your-child-forgets-maths-after-studying/",0
/blogs,301,"https://ankuramtuition.com/",200,"https://ankuramtuition.com/",1
/category/,301,"https://ankuramtuition.com/",200,"https://ankuramtuition.com/",1
/cbse-class-10,301,"https://ankuramtuition.com/cbse-class-10/",200,"https://ankuramtuition.com/cbse-class-10/",1
/cbse-class-10-maths,301,"https://ankuramtuition.com/cbse-class-10-maths/",200,"https://ankuramtuition.com/cbse-class-10-maths/",1
/cbse-class-10-maths.html,301,"https://ankuramtuition.com/cbse-class-10-maths",200,"https://ankuramtuition.com/cbse-class-10-maths/",2
/cbse-class-10-maths/,200,"",200,"https://ankuramtuition.com/cbse-class-10-maths/",0
/cbse-class-10-online-tuition,200,"",200,"https://ankuramtuition.com/cbse-class-10-online-tuition",0
/cbse-class-10-online-tuition.html,301,"https://ankuramtuition.com/cbse-class-10-online-tuition",200,"https://ankuramtuition.com/cbse-class-10-online-tuition",1
/cbse-class-10-online-tuition/,301,"https://ankuramtuition.com/cbse-class-10-online-tuition",200,"https://ankuramtuition.com/cbse-class-10-online-tuition",1
/cbse-class-10-science,301,"https://ankuramtuition.com/cbse-class-10-science/",200,"https://ankuramtuition.com/cbse-class-10-science/",1
/cbse-class-10-science.html,301,"https://ankuramtuition.com/cbse-class-10-science",200,"https://ankuramtuition.com/cbse-class-10-science/",2
/cbse-class-10-science/,200,"",200,"https://ankuramtuition.com/cbse-class-10-science/",0
/cbse-class-10.html,301,"https://ankuramtuition.com/cbse-class-10",200,"https://ankuramtuition.com/cbse-class-10/",2
/cbse-class-10/,200,"",200,"https://ankuramtuition.com/cbse-class-10/",0
/cbse-icse-igcse-ib-tuition-hyderabad,200,"",200,"https://ankuramtuition.com/cbse-icse-igcse-ib-tuition-hyderabad",0
/cbse-icse-igcse-ib-tuition-hyderabad.html,301,"https://ankuramtuition.com/cbse-icse-igcse-ib-tuition-hyderabad",200,"https://ankuramtuition.com/cbse-icse-igcse-ib-tuition-hyderabad",1
/cbse-icse-igcse-ib-tuition-hyderabad/,301,"https://ankuramtuition.com/cbse-icse-igcse-ib-tuition-hyderabad",200,"https://ankuramtuition.com/cbse-icse-igcse-ib-tuition-hyderabad",1
/cbse-tuition-jubilee-hills,200,"",200,"https://ankuramtuition.com/cbse-tuition-jubilee-hills",0
/cbse-tuition-jubilee-hills.html,301,"https://ankuramtuition.com/cbse-tuition-jubilee-hills",200,"https://ankuramtuition.com/cbse-tuition-jubilee-hills",1
/cbse-tuition-jubilee-hills/,301,"https://ankuramtuition.com/cbse-tuition-jubilee-hills",200,"https://ankuramtuition.com/cbse-tuition-jubilee-hills",1
/cbsetuitioncentrejubileehillshyderabad,301,"https://ankuramtuition.com/cbse-tuition-jubilee-hills",200,"https://ankuramtuition.com/cbse-tuition-jubilee-hills",1
/class-10-maths-basic-vs-standard,301,"https://ankuramtuition.com/class-10-maths-basic-vs-standard/",200,"https://ankuramtuition.com/class-10-maths-basic-vs-standard/",1
/class-10-maths-basic-vs-standard.html,301,"https://ankuramtuition.com/class-10-maths-basic-vs-standard",200,"https://ankuramtuition.com/class-10-maths-basic-vs-standard/",2
/class-10-maths-basic-vs-standard/,200,"",200,"https://ankuramtuition.com/class-10-maths-basic-vs-standard/",0
/class-10-maths-tuition,200,"",200,"https://ankuramtuition.com/class-10-maths-tuition",0
/class-10-maths-tuition-how-tuitions-can-help-you-achieve-success,301,"https://ankuramtuition.com/online-class-10-tuition",200,"https://ankuramtuition.com/online-class-10-tuition",1
/class-10-maths-tuition-hyderabad,200,"",200,"https://ankuramtuition.com/class-10-maths-tuition-hyderabad",0
/class-10-maths-tuition-hyderabad.html,301,"https://ankuramtuition.com/class-10-maths-tuition-hyderabad",200,"https://ankuramtuition.com/class-10-maths-tuition-hyderabad",1
/class-10-maths-tuition-hyderabad/,301,"https://ankuramtuition.com/class-10-maths-tuition-hyderabad",200,"https://ankuramtuition.com/class-10-maths-tuition-hyderabad",1
/class-10-maths-tuition.html,301,"https://ankuramtuition.com/class-10-maths-tuition",200,"https://ankuramtuition.com/class-10-maths-tuition",1
/class-10-maths-tuition/,301,"https://ankuramtuition.com/class-10-maths-tuition",200,"https://ankuramtuition.com/class-10-maths-tuition",1
/class-10-online-vs-offline-tuition,301,"https://ankuramtuition.com/class-10-online-vs-offline-tuition/",200,"https://ankuramtuition.com/class-10-online-vs-offline-tuition/",1
/class-10-online-vs-offline-tuition.html,301,"https://ankuramtuition.com/class-10-online-vs-offline-tuition",200,"https://ankuramtuition.com/class-10-online-vs-offline-tuition/",2
/class-10-online-vs-offline-tuition/,200,"",200,"https://ankuramtuition.com/class-10-online-vs-offline-tuition/",0
/class-10-science-tuition-hyderabad,200,"",200,"https://ankuramtuition.com/class-10-science-tuition-hyderabad",0
/class-10-science-tuition-hyderabad.html,301,"https://ankuramtuition.com/class-10-science-tuition-hyderabad",200,"https://ankuramtuition.com/class-10-science-tuition-hyderabad",1
/class-10-science-tuition-hyderabad/,301,"https://ankuramtuition.com/class-10-science-tuition-hyderabad",200,"https://ankuramtuition.com/class-10-science-tuition-hyderabad",1
/class-10-tuition-center,301,"https://ankuramtuition.com/online-class-10-tuition",200,"https://ankuramtuition.com/online-class-10-tuition",1
/class-10-tuition-jubilee-hills,301,"https://ankuramtuition.com/class-10-tuition-jubilee-hills/",200,"https://ankuramtuition.com/class-10-tuition-jubilee-hills/",1
/class-10-tuition-jubilee-hills.html,301,"https://ankuramtuition.com/class-10-tuition-jubilee-hills",200,"https://ankuramtuition.com/class-10-tuition-jubilee-hills/",2
/class-10-tuition-jubilee-hills/,200,"",200,"https://ankuramtuition.com/class-10-tuition-jubilee-hills/",0
/class-11-tuition,301,"https://ankuramtuition.com/class-11-tuition/",200,"https://ankuramtuition.com/class-11-tuition/",1
/class-11-tuition.html,301,"https://ankuramtuition.com/class-11-tuition",200,"https://ankuramtuition.com/class-11-tuition/",2
/class-11-tuition/,200,"",200,"https://ankuramtuition.com/class-11-tuition/",0
/class-11-tuition/index.txt,200,"",200,"https://ankuramtuition.com/class-11-tuition/index.txt",0
/class-12-maths-physics-chemistry-tuition-hyderabad,200,"",200,"https://ankuramtuition.com/class-12-maths-physics-chemistry-tuition-hyderabad",0
/class-12-maths-physics-chemistry-tuition-hyderabad.html,301,"https://ankuramtuition.com/class-12-maths-physics-chemistry-tuition-hyderabad",200,"https://ankuramtuition.com/class-12-maths-physics-chemistry-tuition-hyderabad",1
/class-12-maths-physics-chemistry-tuition-hyderabad/,301,"https://ankuramtuition.com/class-12-maths-physics-chemistry-tuition-hyderabad",200,"https://ankuramtuition.com/class-12-maths-physics-chemistry-tuition-hyderabad",1
/class-12-maths-tuition-hyderabad,200,"",200,"https://ankuramtuition.com/class-12-maths-tuition-hyderabad",0
/class-12-maths-tuition-hyderabad.html,301,"https://ankuramtuition.com/class-12-maths-tuition-hyderabad",200,"https://ankuramtuition.com/class-12-maths-tuition-hyderabad",1
/class-12-maths-tuition-hyderabad/,301,"https://ankuramtuition.com/class-12-maths-tuition-hyderabad",200,"https://ankuramtuition.com/class-12-maths-tuition-hyderabad",1
/class-12-physics-tuition-hyderabad,200,"",200,"https://ankuramtuition.com/class-12-physics-tuition-hyderabad",0
/class-12-physics-tuition-hyderabad.html,301,"https://ankuramtuition.com/class-12-physics-tuition-hyderabad",200,"https://ankuramtuition.com/class-12-physics-tuition-hyderabad",1
/class-12-physics-tuition-hyderabad/,301,"https://ankuramtuition.com/class-12-physics-tuition-hyderabad",200,"https://ankuramtuition.com/class-12-physics-tuition-hyderabad",1
/class-12-tuition,301,"https://ankuramtuition.com/class-11-tuition",200,"https://ankuramtuition.com/class-11-tuition/",2
/class-8-maths,301,"https://ankuramtuition.com/class-8-maths/",200,"https://ankuramtuition.com/class-8-maths/",1
/class-8-maths-tuition-hyderabad,200,"",200,"https://ankuramtuition.com/class-8-maths-tuition-hyderabad",0
/class-8-maths-tuition-hyderabad.html,301,"https://ankuramtuition.com/class-8-maths-tuition-hyderabad",200,"https://ankuramtuition.com/class-8-maths-tuition-hyderabad",1
/class-8-maths-tuition-hyderabad/,301,"https://ankuramtuition.com/class-8-maths-tuition-hyderabad",200,"https://ankuramtuition.com/class-8-maths-tuition-hyderabad",1
/class-8-maths-tuition-near-me,301,"https://ankuramtuition.com/class-8-maths/class-8-maths-tuition-near-me",200,"https://ankuramtuition.com/class-8-maths/class-8-maths-tuition-near-me",1
/class-8-maths.html,301,"https://ankuramtuition.com/class-8-maths",200,"https://ankuramtuition.com/class-8-maths/",2
/class-8-maths/,200,"",200,"https://ankuramtuition.com/class-8-maths/",0
/class-8-maths/class-8-maths-tuition-near-me,200,"",200,"https://ankuramtuition.com/class-8-maths/class-8-maths-tuition-near-me",0
/class-8-maths/class-8-maths-tuition-near-me.html,301,"https://ankuramtuition.com/class-8-maths/class-8-maths-tuition-near-me",200,"https://ankuramtuition.com/class-8-maths/class-8-maths-tuition-near-me",1
/class-8-maths/class-8-maths-tuition-near-me/,301,"https://ankuramtuition.com/class-8-maths/class-8-maths-tuition-near-me",200,"https://ankuramtuition.com/class-8-maths/class-8-maths-tuition-near-me",1
/class-8-maths/privacy-policy,200,"",200,"https://ankuramtuition.com/class-8-maths/privacy-policy",0
/class-8-maths/privacy-policy.html,301,"https://ankuramtuition.com/class-8-maths/privacy-policy",200,"https://ankuramtuition.com/class-8-maths/privacy-policy",1
/class-8-maths/privacy-policy/,301,"https://ankuramtuition.com/class-8-maths/privacy-policy",200,"https://ankuramtuition.com/class-8-maths/privacy-policy",1
/class-8-maths/terms,200,"",200,"https://ankuramtuition.com/class-8-maths/terms",0
/class-8-maths/terms.html,301,"https://ankuramtuition.com/class-8-maths/terms",200,"https://ankuramtuition.com/class-8-maths/terms",1
/class-8-maths/terms/,301,"https://ankuramtuition.com/class-8-maths/terms",200,"https://ankuramtuition.com/class-8-maths/terms",1
/class-8-maths/thank-you,200,"",200,"https://ankuramtuition.com/class-8-maths/thank-you",0
/class-8-science-tuition-hyderabad,200,"",200,"https://ankuramtuition.com/class-8-science-tuition-hyderabad",0
/class-8-science-tuition-hyderabad.html,301,"https://ankuramtuition.com/class-8-science-tuition-hyderabad",200,"https://ankuramtuition.com/class-8-science-tuition-hyderabad",1
/class-8-science-tuition-hyderabad/,301,"https://ankuramtuition.com/class-8-science-tuition-hyderabad",200,"https://ankuramtuition.com/class-8-science-tuition-hyderabad",1
/class-9-maths-tuition-hyderabad,200,"",200,"https://ankuramtuition.com/class-9-maths-tuition-hyderabad",0
/class-9-maths-tuition-hyderabad.html,301,"https://ankuramtuition.com/class-9-maths-tuition-hyderabad",200,"https://ankuramtuition.com/class-9-maths-tuition-hyderabad",1
/class-9-maths-tuition-hyderabad/,301,"https://ankuramtuition.com/class-9-maths-tuition-hyderabad",200,"https://ankuramtuition.com/class-9-maths-tuition-hyderabad",1
/class-9-science-tuition-hyderabad,200,"",200,"https://ankuramtuition.com/class-9-science-tuition-hyderabad",0
/class-9-science-tuition-hyderabad.html,301,"https://ankuramtuition.com/class-9-science-tuition-hyderabad",200,"https://ankuramtuition.com/class-9-science-tuition-hyderabad",1
/class-9-science-tuition-hyderabad/,301,"https://ankuramtuition.com/class-9-science-tuition-hyderabad",200,"https://ankuramtuition.com/class-9-science-tuition-hyderabad",1
/class-9-tuition,301,"https://ankuramtuition.com/class-9-tuition/",200,"https://ankuramtuition.com/class-9-tuition/",1
/class-9-tuition.html,301,"https://ankuramtuition.com/class-9-tuition",200,"https://ankuramtuition.com/class-9-tuition/",2
/class-9-tuition/,200,"",200,"https://ankuramtuition.com/class-9-tuition/",0
/class-9-tuition/index.txt,200,"",200,"https://ankuramtuition.com/class-9-tuition/index.txt",0
/contact,301,"https://ankuramtuition.com/contact/",200,"https://ankuramtuition.com/contact/",1
/contact.html,301,"https://ankuramtuition.com/contact",200,"https://ankuramtuition.com/contact/",2
/contact/,200,"",200,"https://ankuramtuition.com/contact/",0
/curriculums,301,"https://ankuramtuition.com/",200,"https://ankuramtuition.com/",1
/diagnostic-assessment,200,"",200,"https://ankuramtuition.com/diagnostic-assessment",0
/diagnostic-assessment.html,301,"https://ankuramtuition.com/diagnostic-assessment",200,"https://ankuramtuition.com/diagnostic-assessment",1
/diagnostic-assessment/,301,"https://ankuramtuition.com/diagnostic-assessment",200,"https://ankuramtuition.com/diagnostic-assessment",1
/electrochemistry-class-12-cbse,301,"https://ankuramtuition.com/electrochemistry-class-12-cbse/",200,"https://ankuramtuition.com/electrochemistry-class-12-cbse/",1
/electrochemistry-class-12-cbse.html,301,"https://ankuramtuition.com/electrochemistry-class-12-cbse",200,"https://ankuramtuition.com/electrochemistry-class-12-cbse/",2
/electrochemistry-class-12-cbse/,200,"",200,"https://ankuramtuition.com/electrochemistry-class-12-cbse/",0
/excel-in-icse-and-igcse-with-the-help-of-ankuram-tuition-centre,301,"https://ankuramtuition.com/",200,"https://ankuramtuition.com/",1
/feed,301,"https://ankuramtuition.com/",200,"https://ankuramtuition.com/",1
/home-tuition-hyderabad,200,"",200,"https://ankuramtuition.com/home-tuition-hyderabad",0
/home-tuition-hyderabad.html,301,"https://ankuramtuition.com/home-tuition-hyderabad",200,"https://ankuramtuition.com/home-tuition-hyderabad",1
/home-tuition-hyderabad/,301,"https://ankuramtuition.com/home-tuition-hyderabad",200,"https://ankuramtuition.com/home-tuition-hyderabad",1
/home-tutor-hyderabad/,200,"",200,"https://ankuramtuition.com/home-tutor-hyderabad/",0
/how-ankuram-tuition-centre-building-strong-foundations-and-cultivating-critical-thinking-skills-in-math,301,"https://ankuramtuition.com/how-we-teach",200,"https://ankuramtuition.com/how-we-teach",1
/how-we-teach,200,"",200,"https://ankuramtuition.com/how-we-teach",0
/how-we-teach.html,301,"https://ankuramtuition.com/how-we-teach",200,"https://ankuramtuition.com/how-we-teach",1
/how-we-teach/,301,"https://ankuramtuition.com/how-we-teach",200,"https://ankuramtuition.com/how-we-teach",1
/hybrid-tuition-hyderabad,200,"",200,"https://ankuramtuition.com/hybrid-tuition-hyderabad",0
/hybrid-tuition-hyderabad.html,301,"https://ankuramtuition.com/hybrid-tuition-hyderabad",200,"https://ankuramtuition.com/hybrid-tuition-hyderabad",1
/hybrid-tuition-hyderabad/,301,"https://ankuramtuition.com/hybrid-tuition-hyderabad",200,"https://ankuramtuition.com/hybrid-tuition-hyderabad",1
/ib-dp-tuition-hyderabad,200,"",200,"https://ankuramtuition.com/ib-dp-tuition-hyderabad",0
/ib-dp-tuition-hyderabad.html,301,"https://ankuramtuition.com/ib-dp-tuition-hyderabad",200,"https://ankuramtuition.com/ib-dp-tuition-hyderabad",1
/ib-dp-tuition-hyderabad/,301,"https://ankuramtuition.com/ib-dp-tuition-hyderabad",200,"https://ankuramtuition.com/ib-dp-tuition-hyderabad",1
/ib-landing-page,301,"https://ankuramtuition.com/ib-myp-tuition-hyderabad",200,"https://ankuramtuition.com/ib-myp-tuition-hyderabad",1
/ib-maths-tuition-hyderabad,200,"",200,"https://ankuramtuition.com/ib-maths-tuition-hyderabad",0
/ib-maths-tuition-hyderabad.html,301,"https://ankuramtuition.com/ib-maths-tuition-hyderabad",200,"https://ankuramtuition.com/ib-maths-tuition-hyderabad",1
/ib-maths-tuition-hyderabad/,301,"https://ankuramtuition.com/ib-maths-tuition-hyderabad",200,"https://ankuramtuition.com/ib-maths-tuition-hyderabad",1
/ib-myp-tuition-hyderabad,200,"",200,"https://ankuramtuition.com/ib-myp-tuition-hyderabad",0
/ib-myp-tuition-hyderabad.html,301,"https://ankuramtuition.com/ib-myp-tuition-hyderabad",200,"https://ankuramtuition.com/ib-myp-tuition-hyderabad",1
/ib-myp-tuition-hyderabad/,301,"https://ankuramtuition.com/ib-myp-tuition-hyderabad",200,"https://ankuramtuition.com/ib-myp-tuition-hyderabad",1
/ib-pyp-tuition-hyderabad,301,"https://ankuramtuition.com/ib-myp-tuition-hyderabad",200,"https://ankuramtuition.com/ib-myp-tuition-hyderabad",1
/ib-tuition-hyderabad,200,"",200,"https://ankuramtuition.com/ib-tuition-hyderabad",0
/ib-tuition-hyderabad.html,301,"https://ankuramtuition.com/ib-tuition-hyderabad",200,"https://ankuramtuition.com/ib-tuition-hyderabad",1
/ib-tuition-hyderabad/,301,"https://ankuramtuition.com/ib-tuition-hyderabad",200,"https://ankuramtuition.com/ib-tuition-hyderabad",1
/ibmyp-year-4-and-5-crash-course,301,"https://ankuramtuition.com/ib-myp-tuition-hyderabad",200,"https://ankuramtuition.com/ib-myp-tuition-hyderabad",1
/icse-maths-tuition-hyderabad,200,"",200,"https://ankuramtuition.com/icse-maths-tuition-hyderabad",0
/icse-maths-tuition-hyderabad.html,301,"https://ankuramtuition.com/icse-maths-tuition-hyderabad",200,"https://ankuramtuition.com/icse-maths-tuition-hyderabad",1
/icse-maths-tuition-hyderabad/,301,"https://ankuramtuition.com/icse-maths-tuition-hyderabad",200,"https://ankuramtuition.com/icse-maths-tuition-hyderabad",1
/icse-tuition-hyderabad,200,"",200,"https://ankuramtuition.com/icse-tuition-hyderabad",0
/icse-tuition-hyderabad.html,301,"https://ankuramtuition.com/icse-tuition-hyderabad",200,"https://ankuramtuition.com/icse-tuition-hyderabad",1
/icse-tuition-hyderabad/,301,"https://ankuramtuition.com/icse-tuition-hyderabad",200,"https://ankuramtuition.com/icse-tuition-hyderabad",1
/igcse-maths-tuition-hyderabad,200,"",200,"https://ankuramtuition.com/igcse-maths-tuition-hyderabad",0
/igcse-maths-tuition-hyderabad.html,301,"https://ankuramtuition.com/igcse-maths-tuition-hyderabad",200,"https://ankuramtuition.com/igcse-maths-tuition-hyderabad",1
/igcse-maths-tuition-hyderabad/,301,"https://ankuramtuition.com/igcse-maths-tuition-hyderabad",200,"https://ankuramtuition.com/igcse-maths-tuition-hyderabad",1
/igcse-tuition-jubilee-hills,200,"",200,"https://ankuramtuition.com/igcse-tuition-jubilee-hills",0
/igcse-tuition-jubilee-hills.html,301,"https://ankuramtuition.com/igcse-tuition-jubilee-hills",200,"https://ankuramtuition.com/igcse-tuition-jubilee-hills",1
/igcse-tuition-jubilee-hills/,301,"https://ankuramtuition.com/igcse-tuition-jubilee-hills",200,"https://ankuramtuition.com/igcse-tuition-jubilee-hills",1
/index(\.html)?,404,"",404,"https://ankuramtuition.com/index(\.html)",0
/isc-tuition-hyderabad,200,"",200,"https://ankuramtuition.com/isc-tuition-hyderabad",0
/isc-tuition-hyderabad.html,301,"https://ankuramtuition.com/isc-tuition-hyderabad",200,"https://ankuramtuition.com/isc-tuition-hyderabad",1
/isc-tuition-hyderabad/,301,"https://ankuramtuition.com/isc-tuition-hyderabad",200,"https://ankuramtuition.com/isc-tuition-hyderabad",1
/maths-tuition-centre-near-me-in-saroornagar,301,"https://ankuramtuition.com/",200,"https://ankuramtuition.com/",1
/maths-tuition-jubilee-hills,200,"",200,"https://ankuramtuition.com/maths-tuition-jubilee-hills",0
/maths-tuition-jubilee-hills.html,301,"https://ankuramtuition.com/maths-tuition-jubilee-hills",200,"https://ankuramtuition.com/maths-tuition-jubilee-hills",1
/maths-tuition-jubilee-hills/,301,"https://ankuramtuition.com/maths-tuition-jubilee-hills",200,"https://ankuramtuition.com/maths-tuition-jubilee-hills",1
/online-class-10-tuition,200,"",200,"https://ankuramtuition.com/online-class-10-tuition",0
/online-class-10-tuition.html,301,"https://ankuramtuition.com/online-class-10-tuition",200,"https://ankuramtuition.com/online-class-10-tuition",1
/online-class-10-tuition/,301,"https://ankuramtuition.com/online-class-10-tuition",200,"https://ankuramtuition.com/online-class-10-tuition",1
/online-classes-vs-offline-classes,301,"https://ankuramtuition.com/",200,"https://ankuramtuition.com/",1
/online-maths-tuition,200,"",200,"https://ankuramtuition.com/online-maths-tuition",0
/online-maths-tuition-class-10-cbse,301,"https://ankuramtuition.com/online-maths-tuition-class-10-cbse/",200,"https://ankuramtuition.com/online-maths-tuition-class-10-cbse/",1
/online-maths-tuition-class-10-cbse.html,301,"https://ankuramtuition.com/online-maths-tuition-class-10-cbse",200,"https://ankuramtuition.com/online-maths-tuition-class-10-cbse/",2
/online-maths-tuition-class-10-cbse/,200,"",200,"https://ankuramtuition.com/online-maths-tuition-class-10-cbse/",0
/online-maths-tuition-class-10-icse,301,"https://ankuramtuition.com/online-maths-tuition-class-10-icse/",200,"https://ankuramtuition.com/online-maths-tuition-class-10-icse/",1
/online-maths-tuition-class-10-icse.html,301,"https://ankuramtuition.com/online-maths-tuition-class-10-icse",200,"https://ankuramtuition.com/online-maths-tuition-class-10-icse/",2
/online-maths-tuition-class-10-icse/,200,"",200,"https://ankuramtuition.com/online-maths-tuition-class-10-icse/",0
/online-maths-tuition.html,301,"https://ankuramtuition.com/online-maths-tuition",200,"https://ankuramtuition.com/online-maths-tuition",1
/online-maths-tuition/,301,"https://ankuramtuition.com/online-maths-tuition",200,"https://ankuramtuition.com/online-maths-tuition",1
/online-science-tuition-class-10-cbse,301,"https://ankuramtuition.com/online-science-tuition-class-10-cbse/",200,"https://ankuramtuition.com/online-science-tuition-class-10-cbse/",1
/online-science-tuition-class-10-cbse.html,301,"https://ankuramtuition.com/online-science-tuition-class-10-cbse",200,"https://ankuramtuition.com/online-science-tuition-class-10-cbse/",2
/online-science-tuition-class-10-cbse/,200,"",200,"https://ankuramtuition.com/online-science-tuition-class-10-cbse/",0
/online-tuition-class-10-cbse,301,"https://ankuramtuition.com/online-tuition-class-10-cbse/",200,"https://ankuramtuition.com/online-tuition-class-10-cbse/",1
/online-tuition-class-10-cbse.html,301,"https://ankuramtuition.com/online-tuition-class-10-cbse",200,"https://ankuramtuition.com/online-tuition-class-10-cbse/",2
/online-tuition-class-10-cbse/,200,"",200,"https://ankuramtuition.com/online-tuition-class-10-cbse/",0
/page/,301,"https://ankuramtuition.com/",200,"https://ankuramtuition.com/",1
/physics-tuition-hyderabad,200,"",200,"https://ankuramtuition.com/physics-tuition-hyderabad",0
/physics-tuition-hyderabad.html,301,"https://ankuramtuition.com/physics-tuition-hyderabad",200,"https://ankuramtuition.com/physics-tuition-hyderabad",1
/physics-tuition-hyderabad/,301,"https://ankuramtuition.com/physics-tuition-hyderabad",200,"https://ankuramtuition.com/physics-tuition-hyderabad",1
/privacy-policy,301,"https://ankuramtuition.com/privacy-policy/",200,"https://ankuramtuition.com/privacy-policy/",1
/privacy-policy.html,301,"https://ankuramtuition.com/privacy-policy",200,"https://ankuramtuition.com/privacy-policy/",2
/privacy-policy/,200,"",200,"https://ankuramtuition.com/privacy-policy/",0
/products,301,"https://ankuramtuition.com/",200,"https://ankuramtuition.com/",1
/robots.txt,200,"",200,"https://ankuramtuition.com/robots.txt",0
/science-tuition-jubilee-hills,200,"",200,"https://ankuramtuition.com/science-tuition-jubilee-hills",0
/science-tuition-jubilee-hills.html,301,"https://ankuramtuition.com/science-tuition-jubilee-hills",200,"https://ankuramtuition.com/science-tuition-jubilee-hills",1
/science-tuition-jubilee-hills/,301,"https://ankuramtuition.com/science-tuition-jubilee-hills",200,"https://ankuramtuition.com/science-tuition-jubilee-hills",1
/sitemap.xml,200,"",200,"https://ankuramtuition.com/sitemap.xml",0
/state-board-tuition-hyderabad,200,"",200,"https://ankuramtuition.com/state-board-tuition-hyderabad",0
/state-board-tuition-hyderabad.html,301,"https://ankuramtuition.com/state-board-tuition-hyderabad",200,"https://ankuramtuition.com/state-board-tuition-hyderabad",1
/state-board-tuition-hyderabad/,301,"https://ankuramtuition.com/state-board-tuition-hyderabad",200,"https://ankuramtuition.com/state-board-tuition-hyderabad",1
/study-materials/ib,301,"https://ankuramtuition.com/ib-myp-tuition-hyderabad",200,"https://ankuramtuition.com/ib-myp-tuition-hyderabad",1
/tag/,301,"https://ankuramtuition.com/",200,"https://ankuramtuition.com/",1
/terms,301,"https://ankuramtuition.com/terms/",200,"https://ankuramtuition.com/terms/",1
/terms.html,301,"https://ankuramtuition.com/terms",200,"https://ankuramtuition.com/terms/",2
/terms/,200,"",200,"https://ankuramtuition.com/terms/",0
/thank-you,301,"https://ankuramtuition.com/thank-you/",200,"https://ankuramtuition.com/thank-you/",1
/thank-you/,200,"",200,"https://ankuramtuition.com/thank-you/",0
/thank-you/index.txt,200,"",200,"https://ankuramtuition.com/thank-you/index.txt",0
/the-importance-of-enrolling-in-a-nearby-tuition-centre,301,"https://ankuramtuition.com/",200,"https://ankuramtuition.com/",1
/top-tuition-centre-near-me,301,"https://ankuramtuition.com/",200,"https://ankuramtuition.com/",1
/topics/htaccess%20(1),200,"",200,"https://ankuramtuition.com/topics/htaccess%20(1)",0
/topics/vectors-class-11-physics,200,"",200,"https://ankuramtuition.com/topics/vectors-class-11-physics",0
/topics/vectors-class-11-physics.html,301,"https://ankuramtuition.com/404",200,"https://ankuramtuition.com/404/",2
/topics/vectors-class-11-physics/,200,"",200,"https://ankuramtuition.com/topics/vectors-class-11-physics/",0
/topics/vectors-lecture-1-introduction,200,"",200,"https://ankuramtuition.com/topics/vectors-lecture-1-introduction",0
/topics/vectors-lecture-1-introduction.html,301,"https://ankuramtuition.com/404",200,"https://ankuramtuition.com/404/",2
/topics/vectors-lecture-1-introduction/,301,"https://ankuramtuition.com/",200,"https://ankuramtuition.com/",1
/tuition-center-in-jubilee-hills,301,"https://ankuramtuition.com/",200,"https://ankuramtuition.com/",1
/tuition-center-in-saroor-nagar,301,"https://ankuramtuition.com/",200,"https://ankuramtuition.com/",1
/tuition-center-in-saroornagar,301,"https://ankuramtuition.com/",200,"https://ankuramtuition.com/",1
/tuition-classes,301,"https://ankuramtuition.com/",200,"https://ankuramtuition.com/",1
/tuition-classes-for-10th,301,"https://ankuramtuition.com/online-class-10-tuition",200,"https://ankuramtuition.com/online-class-10-tuition",1
/wp-admin,301,"https://ankuramtuition.com/",200,"https://ankuramtuition.com/",1
/wp-content/,301,"https://ankuramtuition.com/",200,"https://ankuramtuition.com/",1
/wp-includes/,301,"https://ankuramtuition.com/",200,"https://ankuramtuition.com/",1
/wp-json/,301,"https://ankuramtuition.com/",200,"https://ankuramtuition.com/",1
/wp-login\.php,404,"",404,"https://ankuramtuition.com/wp-login\.php",0
/xmlrpc\.php,404,"",404,"https://ankuramtuition.com/xmlrpc\.php",0
